"","lon","lat"
"1",-99.5767222778794,33.053284719589
"2",-98.7769492042087,32.3032532866242
"3",-101.498108960355,35.1238781038245
"4",-74.8017818100844,39.3654180590542
"5",-117.782556363756,32.8782766071477
"6",-85.6182246520609,39.4349593981016
"7",-96.5289317312615,33.1819511716826
"8",-90.7065892912839,39.8151235972167
"9",-93.6209473739777,35.8123142127021
"10",-96.0063675855821,40.1895379807896
"11",-90.2630363570901,38.7181462670044
"12",-76.4671154956771,37.2650723484604
"13",-83.9942915406882,38.2211823894005
"14",-96.7160923312044,33.0627649695347
"15",-98.1300594726114,32.5673250984786
"16",-75.4787219187942,40.0571382081193
"17",-86.5018468933017,35.6090063757788
"18",-82.3010701842118,37.2164855973045
"19",-117.142622919373,34.5348145491962
"20",-71.4048234342125,42.4756491324128
"21",-116.527692620268,34.3492795156242
"22",-74.9005811252687,39.1749272329743
"23",-96.1073370062796,29.3915309637273
"24",-90.6421913636794,39.4222633685642
"25",-83.2634137955791,42.2935863871849
"26",-150.329296106974,60.744237516259
"27",-85.6070752028753,41.5957062040524
"28",-106.648623587879,36.8182432258635
"29",-75.3137630358753,37.2870078436079
"30",-75.3530311280777,37.2836743704023
"31",-76.0509030089731,36.2149129995336
"32",-76.3646789839259,36.8336077099022
"33",-76.6648646658071,37.9399870560299
"34",-98.849895951192,29.6883470105592
"35",-86.2908955696779,35.0554903951723
"36",-96.4601453081199,32.506646124674
"37",-114.498529922263,36.4498597030113
"38",-81.2325612915838,34.8429809786763
"39",-78.6950824701252,42.9662781533876
"40",-117.77845446895,34.1350306830351
"41",-74.0548418465284,41.3865914890585
"42",-83.258807615325,37.8642673828612
"43",-86.4919378630759,37.8896945382265
"44",-97.182243577456,29.5100828091627
"45",-84.6288808507586,42.9488024169863
"46",-87.2880781028565,36.7659549981277
"47",-81.2578608602317,36.938303574659
"48",-117.142040528196,33.15487937961
"49",-110.808376329887,32.1690804655341
"50",-111.217154225542,32.0773158625069
"51",-110.300073374827,32.6904365911935
"52",-98.0397408481396,30.8470028702932
"53",-95.6576931102992,32.0234497277931
"54",-89.3375158028781,39.6352835231796
"55",-123.787459188688,44.466823431016
"56",-78.5332837567518,35.2062687580062
"57",-92.005790242747,39.7508605659934
"58",-93.7410816419863,39.5557477288674
"59",-94.3834999884103,39.67174013089
"60",-93.1216350977801,38.4109089450199
"61",-93.9156818784419,39.9932657294701
"62",-89.9950359039961,38.0412345806964
"63",-84.3543043774974,35.0302429550135
"64",-98.7135282706435,31.5219255720578
"65",-117.730478101283,33.433581710655
"66",-111.960367546231,33.9749867798771
"67",-95.3992560495159,28.5859879589581
"68",-84.0636535794043,33.8669993859171
"69",-84.3717988237644,32.1457078042741
"70",-78.8024321665268,34.6429714501022
"71",-86.3377994819555,33.8101394898201
"72",-114.922521860431,35.7752285707519
"73",-96.9657753129644,28.7591267200184
"74",-79.7380204802662,37.2162520430815
"75",-77.3683130337966,36.4040955876746
"76",-77.4274642652455,37.7969554139025
"77",-77.5373308060032,37.1548998089141
"78",-77.964864101232,38.0775666425385
"79",-75.8747987741791,36.6599672361952
"80",-76.5173048690544,36.3228623131929
"81",-75.8376458920224,36.7600373017684
"82",-74.0282670918306,40.2759770644377
"83",-80.3436659457179,35.1701800751506
"84",-84.3091007748926,33.4020522681923
"85",-110.260215308856,33.4727382358195
"86",-112.245426710186,33.4777806131027
"87",-95.9555371669184,32.710291781123
"88",-86.2394551739464,32.0094933601947
"89",-90.7686665839248,33.9749641971711
"90",-118.140640773165,33.6789853903657
"91",-118.159385825792,33.7969359256741
"92",-105.750335662331,36.4641579043162
"93",-75.0895760791566,41.7401163817779
"94",-117.961457695885,48.9582146651658
"95",-117.904683537888,47.2721771277926
"96",-117.994108016636,47.047630437947
"97",-105.119271301562,33.8870416849508
"98",-89.5466365968689,39.5259830359484
"99",-74.1145140248151,40.9717897507996
"100",-121.255315793385,35.2909018084701
"101",-118.424413987627,34.3413054521522
"102",-118.132607003431,33.7637397276476
"103",-74.0832460783835,42.0671483219368
"104",-121.327607073067,36.9220173584115
"105",-85.8143645936125,33.4863446200753
"106",-123.044489630411,46.2075149089135
"107",-96.3785071865267,32.9904743690226
"108",-83.4627445222667,38.5951558936899
"109",-85.7120010007722,37.5986954605845
"110",-95.1255669302922,38.4583699072143
"111",-87.3541761922902,42.9255434661886
"112",-83.0640706474376,32.70302400003
"113",-95.3173257048729,36.1394117222489
"114",-122.287323521055,38.9035941700142
"115",-103.892460785196,44.3615980356393
"116",-80.5668017906262,31.7349065097611
"117",-86.7687804374227,42.9980785492305
"118",-89.8222493873262,40.0686055813926
"119",-120.635211244856,33.8744720294594
"120",-117.623555030919,35.3022891975972
"121",-96.8560338506227,33.1384089093795
"122",-75.1944426704449,38.2914625644779
"123",-82.1097409127819,42.7359263184202
"124",-105.106129545899,40.0225778860374
"125",-97.6841551227161,30.5665139583267
"126",-117.716453782954,34.2407084251993
"127",-76.7757743999735,43.2509045250091
"128",-77.514378981915,43.3818712056415
"129",-79.5315201391474,42.2575207468408
"130",-79.2837956846125,42.7579335229631
"131",-82.2110377517731,27.0547124113885
"132",-93.3822589984346,36.396526959848
"133",-118.83738610311,39.8987878273208
"134",-112.046580273143,35.7082176538978
"135",-112.416909055862,33.6445832720081
"136",-111.884363232662,34.3165555573104
"137",-117.207927705236,42.4037798681055
"138",-77.1899902475563,33.4269219201608
"139",-80.7906975429343,35.299594640381
"140",-82.7623715020946,35.5654976965875
"141",-79.1569894776999,35.6313358455971
"142",-117.978509432017,34.0169331245847
"143",-83.4192579692486,37.0504416672873
"144",-86.0279485384517,36.8434366337432
"145",-96.0845921285181,32.6214018664572
"146",-82.0303668258263,44.0690401944126
"147",-81.3422872149214,35.3942179200347
"148",-90.2643732807206,35.0852060398706
"149",-87.9184700399499,42.6353453054174
"150",-117.937091448383,34.5887065449348
"151",-94.9562676269228,38.6080238239457
"152",-87.8724035021365,41.3446928026827
"153",-89.0451218234521,42.3838423653415
"154",-87.4797301399033,43.2458128123358
"155",-87.9356008380469,42.8733736537312
"156",-105.991706249456,40.1576986972126
"157",-88.3610863875688,41.1044916568253
"158",-87.2358887548608,41.8199034407504
"159",-73.8531721233893,40.1231048986249
"160",-73.3568364813267,43.2848777790451
"161",-95.9859698547158,35.8011254370065
"162",-116.625951398358,32.9216862905303
"163",-72.1715208985283,41.9475616812078
"164",-117.646673267162,33.4747154601625
"165",-117.273448831295,32.8573023974188
"166",-114.556070306093,32.981014306958
"167",-89.8447718070668,38.1837098999306
"168",-110.984684948678,32.6558606116762
"169",-117.78502934234,33.8064846230242
"170",-97.3154668145454,32.1033273192037
"171",-149.947890733458,61.8333006755218
"172",-106.17943305893,39.9799043760679
"173",-86.6020649119335,36.0658675324688
"174",-97.2062608538371,32.73356187209
"175",-89.0445493221076,37.5569657181654
"176",-84.8280921895824,37.5218344967525
"177",-121.675492211505,37.9572491076777
"178",-122.323090186008,38.3818809047745
"179",-86.1680279389578,31.4844141356239
"180",-85.5488370574288,31.3105397938658
"181",-95.8942024770326,29.9573141732806
"182",-97.8257969627407,31.3442359193038
"183",-96.7344898033076,30.448995847837
"184",-98.4659269195545,33.361498506635
"185",-95.6857744836457,30.2042031951735
"186",-75.0093086946759,40.0899808252228
"187",-120.142827272166,37.2361657414298
"188",-107.119994239635,31.2968987461448
"189",-91.8489211555342,37.9339811423207
"190",-118.670294002182,35.1498822663513
"191",-73.0319807135936,40.8622260527725
"192",-83.7239753444122,34.6656116105184
"193",-72.2741891556788,41.3681136045514
"194",-89.6174991089352,30.502537989399
"195",-116.999132164083,34.287906671546
"196",-118.080174738261,34.83398631737
"197",-122.792570663598,47.8606020338876
"198",-111.819292590499,34.311510774651
"199",-88.404976262512,30.2146167734659
"200",-75.7776636241601,40.9646190288678
"201",-111.205921128086,31.7298131522161
"202",-104.889819815011,40.5308762128347
"203",-84.263405192275,37.8986746626412
"204",-95.922609087944,33.4972648592787
"205",-96.6856485667433,32.8055536964476
"206",-87.0649004588732,38.4612576006464
"207",-86.8391748521879,35.6475930993008
"208",-123.452560347981,38.332640235392
"209",-88.0839071548569,43.3070107005502
"210",-72.13973404541,41.6958280116626
"212",-122.444932211652,45.5733810451331
"213",-84.6356026330331,33.4977707834953
"214",-116.225108301561,37.7567575415196
"215",-105.177910802568,39.9502482055417
"216",-90.1680064012671,39.4991462096868
"217",-71.1714201389705,43.8192376675058
"218",-117.772279901899,33.552977896458
"219",-78.7593716514555,35.2276602584177
"220",-96.488710996534,32.9715233758267
"221",-79.0907668085181,35.590427154437
"222",-122.128565294927,36.9448898955096
"223",-93.5307852060684,44.0859437261268
"224",-96.1807290096052,29.825181321115
"225",-79.6909262243666,39.4538779981913
"226",-93.8970599394489,33.4900123286587
"227",-71.3035383227968,41.9866297339157
"228",-97.5946040171376,33.09442369584
"229",-119.353838503243,33.0915707837743
"230",-96.2013339266793,29.2739542232283
"231",-117.512873854113,33.1716553934014
"232",-116.504348757511,33.689438316696
"233",-93.6496783840611,45.6039734080921
"234",-117.911290052691,34.5746560116849
"235",-92.2255207948032,45.5258698312897
"236",-94.6709258143345,44.3372739085968
"237",-92.5001325970579,44.7770994867948
"238",-95.7155682409969,39.4124281177177
"239",-121.151120207575,48.1518272700779
"240",-93.079909808752,46.6106730572715
"241",-92.3469798070159,44.6995182678425
"242",-73.6655569243834,40.1991140530412
"243",-117.877958857824,45.7330264934807
"244",-86.1043232014376,36.8118775567094
"245",-87.3361047155671,36.4621533307689
"246",-86.4135242337395,37.9535814040127
"247",-87.8525322737465,38.017710395239
"248",-86.4376394701487,33.6838979833732
"249",-111.961094439007,34.0447994083808
"250",-92.8920274431212,45.0403128970051
"251",-91.2327246984029,41.5096239763569
"252",-117.640550570214,35.3070699621908
"253",-114.763370424109,34.9271539836021
"254",-111.598684250911,32.9025788694969
"255",-116.542112250108,43.4627060262818
"256",-86.4559294139482,40.140319695858
"257",-94.5278921396397,28.8986977326569
"258",-86.3934759368875,35.0749067001013
"259",-86.9233499443835,35.3401643721554
"260",-118.603841829086,34.0429812087491
"262",-78.7327065992301,35.1717838176612
"263",-80.2086898302154,35.7496935779739
"264",-77.726369670019,35.4428723997424
"265",-76.9680140205234,34.4020782280653
"266",-76.3321609967643,35.1778358801064
"267",-77.8545742464671,34.3563584887598
"268",-77.6937188224477,34.2012525746582
"269",-76.1722629254687,34.8797608119173
"270",-77.3903158567845,34.7780306310616
"271",-77.054487221445,33.7267026336101
"272",-91.0700341916268,41.6448983026116
"273",-85.0824117551125,39.4770914031075
"274",-85.0722484408729,38.9913246011148
"275",-85.632864844337,38.6758230029594
"276",-85.1649973161892,38.4979523423495
"277",-85.5961714486847,34.7057249977055
"278",-95.6808910970466,32.2443909294954
"279",-96.230344469643,28.680469554829
"280",-97.6342390991679,36.9345504150879
"281",-71.8563117494963,43.7855166985279
"282",-73.4046445262255,42.0757836596051
"283",-80.0690185556845,34.7775178413619
"284",-95.5241985506171,39.9965852526087
"285",-84.245689686608,41.1714806013497
"286",-70.3274779568892,43.6422053108177
"287",-87.7316412986245,42.0551450771393
"288",-93.5229843328882,44.2346696641407
"289",-122.854156945569,44.1201788119472
"290",-121.813967288364,44.600734256198
"291",-122.89899833663,44.2228562568355
"292",-122.570656743523,44.2636058771749
"294",-74.4675404444411,40.8393547675389
"295",-86.4188597066634,35.0231084937894
"296",-122.786450957606,46.9009650370353
"297",-73.2702412233663,40.0905461173861
"298",-85.0140062173034,39.4704318116057
"299",-119.210545996747,39.5507106773107
"300",-119.370654428678,45.9401254105446
"301",-98.554161674822,33.1544720225062
"302",-86.6577300934838,35.2295650296433
"303",-99.5366916389463,28.8270286063563
"304",-98.8015288890822,30.354263076055
"305",-121.638015690693,46.3227320424437
"306",-122.638119472671,48.0815863761692
"307",-118.321346964098,34.4135291309039
"308",-111.867126322895,32.488273232157
"309",-76.0057291537645,42.2923226335907
"310",-71.570655240996,42.2732792246048
"311",-72.6978155206703,40.507526378317
"312",-76.0096114628293,42.9823814823332
"313",-74.4385332267416,42.4945622553911
"314",-75.5138461262037,44.0825769161295
"315",-97.0711673548213,36.3739909472082
"316",-84.0543612630517,41.2372588710528
"317",-122.574069553019,44.800201638698
"318",-149.072355568275,60.9603765373995
"319",-150.187007454047,61.0304068908059
"320",-74.8842638132834,40.0817372987501
"321",-74.9870800436277,40.6946277791311
"322",-74.7660145382409,41.2615555487933
"323",-74.4846083933104,39.7418753251301
"324",-74.5827707759908,41.3409741963835
"325",-74.1725597323292,42.8660736049945
"326",-74.5316008359402,41.8189898219441
"327",-85.4669822343435,44.4269715830288
"328",-73.9844477716486,40.8672315256812
"329",-93.549360268656,35.355680759183
"330",-87.6973454759985,41.4601378127577
"331",-90.2841366476095,37.7101018832073
"332",-104.825150631452,39.4283231698849
"333",-84.2559571014618,37.8306317049037
"334",-88.3468289016788,41.9880554520703
"335",-112.168921330558,32.3186181287156
"336",-85.1200054048245,42.8004126391668
"337",-110.69382621174,31.8510683523383
"338",-112.214520489601,30.8092879282307
"339",-109.77309064521,32.7729445568192
"340",-97.1283467684623,32.8224776938406
"341",-90.9708322868037,39.0258880365029
"342",-88.5808738494,30.682665235996
"343",-89.7734313352084,31.062455801087
"344",-103.4272285521,40.6456883375162
"345",-122.886909587299,43.6479063971666
"346",-91.2485790285612,33.0433460326701
"347",-149.367629321693,62.7002365938362
"348",-74.9421543961406,42.9819365757474
"349",-93.046001859841,45.0099635091548
"350",-86.3776383319223,34.6662422879097
"351",-74.8898736673867,41.7889518629991
"352",-73.6809040867139,40.7505250193048
"353",-84.0058259381553,32.4729880549207
"354",-96.855103906452,33.2831745961554
"355",-96.8610650319111,32.2004717086328
"356",-89.5340703242557,41.5210065765629
"357",-121.877768079324,45.5841265055014
"358",-74.6268359572849,40.6533540704635
"360",-72.8158228313797,41.0760057671487
"361",-96.8124025641512,30.5817435894458
"362",-95.4779166804478,31.2916697064657
"363",-97.5957500318582,32.8006900820717
"364",-73.0413096993534,42.9035082396733
"365",-70.3296734128675,42.3711967972837
"366",-71.1894284576705,42.0262313763875
"367",-97.2625062058035,32.0328889633823
"368",-98.0496475640093,30.9308498465024
"369",-86.0976026990087,42.3987252637231
"370",-94.906488471002,41.2880977506483
"371",-84.523959189704,42.6631020847401
"372",-99.0396154307603,33.0414322195826
"373",-79.0761825280516,43.9004792549912
"374",-109.072090611672,32.8682733487381
"375",-123.958896288489,45.9712116850089
"376",-83.1630159955285,41.2951067092711
"377",-77.096071572741,35.5223974327388
"378",-81.6268667090144,35.2698549540986
"379",-83.5144780183153,36.6822176828868
"380",-87.0951375156162,41.1233130452551
"381",-82.6170564449599,33.8780810561908
"382",-72.2542648705881,42.9630313164245
"383",-88.2774500183562,42.6651848833571
"384",-85.8771788008387,33.5326033769896
"385",-110.80210210373,45.490828319001
"386",-115.519330686733,36.8279138271685
"387",-94.646427544179,32.6407243704142
"388",-73.4054818682498,40.9574249402915
"389",-111.979297806758,34.2501409217179
"390",-105.948734090941,35.271637451054
"391",-87.7404041525774,41.5611719162251
"392",-88.8448701969432,29.9742650513553
"393",-104.271623111563,40.8621235210134
"394",-106.656159852377,32.8539933913284
"395",-122.906893268215,46.3395322358475
"396",-122.569651997173,37.5876634770746
"397",-123.206899356198,45.966439649432
"398",-122.666854168074,46.9645509843679
"399",-123.768658562031,44.85350255728
"400",-123.228932418689,44.1393210223162
"401",-116.418309936672,33.4573154214535
"402",-124.358059778209,39.3666101311158
"403",-111.126080734224,31.7290727450201
"404",-110.610771532005,31.1799029695546
"405",-122.967574482533,39.6024439402931
"406",-119.004925915481,33.0677350608982
"407",-118.84404019308,34.9583253072477
"408",-148.486826858532,61.103034649143
"409",-149.008335013124,61.9592718063623
"410",-93.7531346402577,45.2279809318946
"411",-92.2810525881097,39.1876575229204
"412",-73.1259245007389,41.019948827574
"413",-84.9465101654837,39.6190445638285
"414",-86.1059143284183,39.7955894806629
"415",-86.0253298264807,39.2709689560403
"416",-87.8306416032043,41.0010052087536
"417",-103.602827694211,33.5717891052278
"418",-115.377561510892,34.7733369949831
"419",-87.443849483619,32.5040069017427
"420",-85.5612081802485,38.2089979417482
"421",-86.3264097726521,42.6361104044343
"422",-87.1851197199796,40.1002582665175
"423",-122.809006713189,46.6089490247246
"424",-115.061411305482,44.8137425995613
"425",-97.778735530172,31.0075671479616
"426",-96.4726867891931,29.9255295643437
"427",-158.955094755185,20.6004198383911
"428",-88.2074606399454,38.3825875021224
"429",-96.3737993904139,32.2136748474683
"430",-121.981808318707,46.400082423237
"431",-122.619538347526,47.1806809788725
"432",-122.424013180241,46.5707651181182
"433",-123.673192051996,44.3275839197324
"434",-85.2493186189436,33.5012973845362
"435",-84.7411930228388,34.2677654323257
"436",-88.3269249519301,36.8891064139672
"438",-75.6546508435429,39.4366773622945
"439",-90.3482841461352,40.4372007024105
"440",-97.7919512781856,32.3555612892825
"441",-85.683092591781,43.9028157786757
"442",-84.8991735942614,42.5712064902755
"443",-79.1313275906568,43.5185918054281
"444",-88.3545488382459,42.2957592401407
"445",-81.6935406476706,34.9238580642198
"446",-111.833763785069,34.8939471797309
"447",-121.715712026157,46.8625416063865
"448",-104.857888519439,38.4569784589918
"449",-111.356937671484,36.0034560284513
"450",-112.620357978378,34.7448034604061
"451",-96.6144208641954,30.7015945966843
"452",-85.3203902010308,44.3135792684332
"453",-84.9186807920952,42.653316512055
"454",-85.9508822933589,42.4929715481614
"455",-85.4814898382382,42.8852888066985
"456",-81.405610841859,42.0799441608563
"457",-81.0958415521256,41.1744701199052
"458",-96.7843167396162,38.5207007068497
"459",-97.5304071666091,32.8585228863049
"460",-93.6361733414019,37.6544161009193
"461",-111.600872938771,33.5834711463322
"462",-82.9197194803922,31.411882873118
"463",-86.9064026804358,34.5470444114966
"464",-86.6090419495682,37.9678299592029
"465",-88.2025888157597,37.466513905935
"466",-83.7490128890932,35.12467701114
"467",-83.951100528058,35.4466466795415
"468",-95.93908616652,29.7475734800546
"469",-97.7687219868476,25.6349938392472
"470",-118.645866461245,34.8620645585147
"471",-74.7683655552623,39.9271900426671
"472",-116.283211441247,36.520761562226
"473",-94.6127566449057,34.8870317543369
"474",-92.1867288218999,34.8025724607315
"475",-74.8921734043352,40.7970259008956
"476",-95.3306381514574,38.2509990839538
"477",-88.0667074949959,41.7978542665345
"478",-96.4023955929804,33.3392661529425
"479",-78.203289069309,35.813523666503
"480",-78.0856664067644,35.5016241329654
"481",-78.3434317081004,36.0091830541146
"482",-83.6024035016143,36.5199720993936
"483",-114.219506694328,36.2482174013093
"484",-73.4518806824882,40.9496178271106
"485",-87.8089916669308,42.8580915403284
"486",-98.4204350257141,30.3923892264583
"487",-94.0570859987954,42.0673396456701
"488",-77.8525845726394,41.5477203597333
"489",-73.6299243185092,41.7780812310755
"490",-97.568706041979,33.7837989733585
"491",-85.0350229770632,43.4577897952047
"492",-115.675479327187,43.9652722098896
"493",-101.026311149322,35.7319521895044
"494",-93.8586380449837,31.7774722412153
"495",-94.8331323415967,34.7202028975274
"496",-96.6316328937664,31.6196527199534
"497",-94.9317489619292,34.8482647450953
"498",-94.2045668253286,33.2068465803224
"499",-97.13675299798,31.6571653125103
"500",-86.4906825352162,35.5209974395413
"501",-91.4005903435513,38.2928476569026
"502",-81.7271543212409,34.5901983237979
"503",-80.6874105913944,34.8849596842522
"504",-82.1998859214602,35.8888828763933
"505",-78.8310499453856,35.644791249709
"506",-74.6156257095733,41.4123460396334
"507",-80.7093589363317,34.9559712756808
"508",-79.1498790628793,34.9630648390398
"509",-81.0965965307056,34.6305965315769
"510",-76.1966428305386,34.8320178982315
"511",-81.4746002254398,35.0815107680955
"512",-80.6338008248104,36.0650730704127
"513",-72.4008246807975,42.4403966087862
"514",-83.2574287773024,37.0281004836656
"515",-83.735439615272,36.472314970627
"516",-83.8153020927626,36.1995646027508
"517",-84.1126182322301,37.4776425450513
"518",-84.5218553802445,38.2244767096198
"519",-90.5297295444158,32.2560202930629
"520",-90.584779300648,33.3729402767958
"521",-87.0403775879728,39.8360440654887
"523",-75.6081058743753,37.1418704221855
"524",-94.0018995040873,39.6004867244045
"525",-96.3206626083854,30.0745614352718
"526",-83.5926556113626,32.550874085159
"527",-99.6152670472484,29.758205553561
"528",-111.245917014417,45.2025028278317
"529",-95.1692052506072,46.9920199332892
"530",-114.492928495462,47.1643168842544
"531",-121.481459125897,44.6818846845198
"532",-86.7013081022189,37.1469613510323
"533",-104.928179680668,39.8912409788229
"534",-82.4191663181766,42.5974390645968
"535",-93.987080436299,35.9805912575595
"536",-90.4332028597356,35.3118714737313
"537",-86.3984093168427,35.5217589317583
"538",-93.265340336365,39.5669231727514
"539",-84.0337794402386,42.9856752016902
"540",-86.6380555009184,42.8833821314066
"541",-85.7973589376136,43.2224369861379
"542",-116.918517352154,48.0853049680758
"543",-121.823749856816,37.709733748545
"544",-97.6637059816608,33.4142129644068
"545",-88.7408158261104,38.1059296080425
"546",-75.5781693829027,40.3951490652133
"547",-84.90946441637,44.7547651950548
"548",-83.4423134293318,42.6278636084634
"549",-85.4600503142964,35.621961532833
"550",-74.0422683279203,40.4699717558894
"551",-81.7506384341828,35.1013253141083
"552",-118.947558803761,39.3224451344416
"553",-82.7245952351858,34.1474946206283
"554",-76.4267718215274,40.3494585451098
"555",-76.8737739224898,38.6189846325023
"556",-121.668683553949,48.509749940961
"557",-86.5822914090668,35.685403161836
"558",-86.819268324002,36.4097967493912
"559",-85.7964282884829,36.8444138017222
"560",-86.2234148615087,43.5754513281175
"561",-119.591546109499,38.5351822243186
"562",-73.1471476228954,40.4480109484498
"563",-91.4847787994736,38.4435953566173
"564",-123.761429709552,46.973646558892
"565",-80.0999186382926,43.3457826701018
"566",-94.2625375593592,34.9810513866213
"567",-78.975203325134,44.1340872659252
"568",-87.3321956112226,38.8051676065163
"569",-89.6125245108034,41.7990642102373
"570",-72.4592118876651,41.1412381774902
"571",-118.3721164814,34.3809338897114
"572",-84.2415618119808,33.6747707771897
"573",-98.8936320144572,32.8979620362699
"574",-122.86169503239,45.896748066766
"575",-78.979076875469,42.8794771316204
"576",-87.3548035553463,34.7039348777163
"577",-74.8303903437692,39.4602633743972
"578",-79.2588973193726,34.9298183590973
"579",-94.4974268970918,28.8962619487067
"580",-116.362941413483,36.6441388889375
"581",-98.5519239631378,25.4431210851326
"582",-86.4346684297661,37.981529071729
"583",-93.5756212667272,37.4464900468819
"584",-92.8657865921695,36.4533043654658
"585",-87.8580691981092,39.0464653523154
"586",-85.9714906769757,35.4793043148966
"587",-89.3082976203067,38.8010019457144
"588",-97.0119801594032,30.9681371179821
"589",-79.7401907683558,43.3082660573881
"590",-79.1439628739565,42.7321871096748
"591",-77.5885203507072,42.9717830662874
"592",-97.2580975825225,30.9675764177697
"593",-114.579971492816,35.7391042041477
"594",-114.653285188598,48.0099185684369
"595",-115.835839183715,37.0190940206089
"596",-75.48932122266,36.8468285411576
"597",-76.3777605312871,36.7409744368584
"598",-105.238441757475,37.488117364371
"599",-105.459846652165,40.493115581374
"600",-112.369431628658,32.2541968334434
"601",-97.8675860820583,31.6343262039405
"602",-74.9221534698579,40.2588939387418
"603",-88.0564034688295,30.945081243646
"604",-96.7390554055795,33.8004035651257
"605",-94.9661034255006,28.98928386901
"606",-88.4567953023737,41.3917382625967
"607",-76.3287691845811,40.4058255169434
"608",-84.5452697458007,38.1003678181814
"609",-88.6891765470026,37.8779281112034
"610",-74.0051527376007,40.167497120939
"611",-82.8758225913789,38.0657757553175
"612",-87.8835055491974,33.4781556979556
"613",-86.2176745724936,41.4429242348791
"614",-89.522816736877,41.7867057484649
"615",-104.530964590336,40.1496864171242
"616",-75.1434386566244,40.5284411168644
"617",-88.2558532599683,41.5526646421925
"618",-87.0885649544077,40.8280822309765
"619",-158.244142238667,22.1837325844634
"620",-90.5866793468034,36.4023523247499
"621",-93.1816557790759,35.2042174799347
"622",-92.7867810705451,35.216669991263
"623",-71.2484652121596,42.7681991568135
"624",-84.1464009081336,42.6877582943639
"625",-111.861889708691,31.5155765874217
"626",-97.3642257666091,33.8252039743351
"627",-120.246220827793,40.2133185241186
"628",-70.4929700228876,42.9923680353175
"629",-98.1607116002331,25.875108533697
"630",-98.5691868788879,25.2341544331925
"631",-77.6197815996216,37.5181048154496
"632",-105.401725338085,39.5545948430154
"633",-77.6502167399621,43.3502388431353
"634",-94.3344520195645,29.8480232625488
"635",-98.4125387881584,33.3926204887208
"636",-98.3221274462495,31.9963685828411
"637",-83.5666860400253,34.7773173007381
"638",-84.320575256474,33.8704560703779
"639",-122.421006374508,44.8554525678316
"640",-105.277423403341,40.1401900586218
"641",-102.980725420056,39.471059874452
"642",-82.3835957064808,35.0567283739858
"643",-82.0721245259284,36.7422196831665
"644",-93.1101120589238,34.0560857101198
"645",-84.2693398009667,33.4609359396703
"646",-77.7536775092749,37.903906317027
"647",-77.6303246703325,42.5961209788985
"648",-70.5641758263589,41.331588241899
"649",-87.3140149081575,36.4083211083995
"650",-87.9115698000841,35.8969395833289
"651",-81.1403174893625,38.1276540428739
"652",-77.8742660222171,36.0162793406139
"653",-87.3678374761597,35.1662412473026
"654",-104.155008663395,48.160334922113
"655",-90.124224589127,39.3503791724873
"656",-104.733524661173,39.4992506230794
"657",-86.3072168080757,37.4455476351897
"658",-116.241489654016,35.9991914183923
"659",-115.259829534281,36.6466824570498
"660",-85.9644857780419,38.0714978079135
"661",-87.8957057828545,36.5367716559163
"662",-88.8339753472588,35.6647320397615
"663",-87.705456724224,41.2540300409803
"664",-94.884744359184,32.0206612534802
"665",-87.5111594604939,36.3244503736215
"666",-113.167656556282,44.3013329498725
"667",-119.083727591432,35.4111172897849
"668",-73.4315313610938,40.6922405842755
"669",-122.191802477351,46.9795110975675
"670",-123.876557858688,46.8211472730853
"671",-116.902247619646,34.2114932034559
"672",-92.579105219547,44.7811202397978
"673",-121.268103234091,39.3076591419781
"674",-94.3324805518784,45.1020271397118
"675",-92.7898520544719,43.8342725339931
"676",-94.3301265790837,45.8291409836591
"677",-118.918273935145,33.1855895667463
"678",-119.617318612092,45.4711959714388
"679",-122.968536004801,44.5082902435008
"680",-117.587054430767,47.8601720195525
"681",-82.6709628724376,44.4051714384041
"682",-86.4479614380874,29.4613137028536
"683",-87.1067127891769,34.8067434825652
"684",-85.6104212572268,30.6954481962672
"685",-85.3657245564293,30.183751187823
"686",-83.1844151222495,44.5571178126193
"687",-84.7531504318423,35.1887312424449
"688",-94.3717388581177,35.826083440986
"689",-86.8227340547003,42.7629168978665
"690",-87.7648920967044,42.1990720283797
"691",-96.6028279826527,47.4165376037066
"692",-96.5909004064666,33.5525273749893
"693",-95.2400171018738,32.5468301263322
"694",-77.9342843238818,42.6193607834883
"695",-115.709301891462,32.0913179991351
"696",-118.102470160016,33.7305722080023
"697",-84.096737021353,31.3963605619527
"698",-84.0676335231783,30.6445461524203
"699",-156.543082186607,21.0733235298751
"700",-87.1674936800774,32.8779269372611
"701",-87.3227148190255,33.5886949512061
"702",-80.0811043481185,36.4404968960906
"703",-80.0591833407305,41.2919680517057
"704",-111.488974057533,34.536763072915
"705",-111.943696946894,32.0210396169004
"706",-111.134241837989,34.0633448731991
"707",-122.51996781705,48.1159925610473
"708",-93.7065418450011,42.2002942141922
"709",-120.038257311216,46.5085354683277
"710",-114.589939121889,35.2990078528183
"711",-96.5668083010884,33.4166490591869
"712",-120.202106113724,45.2370503978867
"713",-122.852027559666,47.2437171802084
"714",-120.195862356618,45.7645778025791
"715",-123.409105305382,43.8794182686807
"716",-97.3859132588243,32.6906968373876
"717",-111.611661137391,41.3004176063744
"718",-116.431552816908,47.6546483132784
"719",-122.710585025324,47.3695394495458
"720",-121.308118319815,47.8637590325532
"721",-120.971447567587,47.7878063023652
"722",-120.698457591204,46.9844323194071
"723",-122.805605623399,46.1257272920548
"724",-95.2521041397093,30.6723928616244
"725",-78.9407616294049,35.7563138324622
"726",-82.5523151552183,34.4382553076542
"727",-115.36834206153,35.1528827023576
"728",-105.041512197807,40.7047235308434
"729",-122.776334566673,48.0681773930878
"730",-90.244240186882,38.1582927416452
"731",-115.22194673418,34.9431873539205
"732",-89.9740682104135,39.0642047957128
"733",-91.6827318477853,39.4344520571233
"734",-90.7684157391022,38.1564710959849
"735",-91.4529695026448,38.4686501534953
"736",-90.1023415822887,38.0201177957593
"737",-98.8664113212229,32.380133921233
"738",-98.3379396793659,32.6133974305329
"739",-97.5571714714298,32.1339164503436
"740",-99.573652747175,34.1077577170258
"741",-85.9285631707795,39.4558590855538
"742",-84.3630643920494,32.5388033174141
"743",-74.2603863015892,42.8384806441592
"744",-122.291827027272,44.092630162322
"745",-91.9100293095844,38.9969810497532
"746",-119.150038849905,35.2414054374978
"747",-117.080662289628,47.8712631192061
"748",-116.644700644435,33.5865684335539
"749",-118.41837599364,33.7218394957223
"750",-80.1507870859943,36.3684459217934
"751",-70.6627302665126,41.1629998531941
"752",-95.1011872277793,29.4047475105992
"753",-94.7324224097842,36.5400320057807
"754",-101.592705477684,33.2098664526399
"755",-82.7927259574282,27.8033497858524
"756",-84.8260297910392,33.1296763348257
"757",-123.830509178643,36.9961994587009
"758",-91.1985658569371,40.8306657937565
"759",-90.6098558684724,43.1008105990873
"760",-90.9312140964098,37.9505756063609
"761",-96.168160849765,41.4756319817258
"762",-95.6237408360309,40.9112877533786
"763",-89.219930345772,39.911591788321
"764",-94.2453283737944,42.1167684046326
"765",-120.239680844618,36.6689436860644
"766",-78.6722465637166,25.8192744053527
"767",-85.9333922262772,37.4355177456895
"768",-95.6828015964398,32.9483223658632
"769",-97.3130536183285,31.9406256136341
"770",-98.0932506572433,32.2902250548004
"771",-98.7553805752764,29.6317352661298
"772",-74.2778582165344,40.4548594053823
"773",-82.7011035534735,29.2821390941046
"774",-71.2248681822347,42.2816455785461
"775",-94.5928486415191,45.7478818900463
"776",-78.3122246609736,36.4442383814401
"777",-120.023628292206,46.8944713647125
"778",-82.4905110239688,29.2454835169251
"779",-94.1799516111128,35.2012448694323
"780",-79.2274310454786,43.5548567164569
"781",-117.355028651924,33.1166147035606
"782",-115.437662953858,36.1976576146164
"783",-97.863129943861,31.7254713837919
"784",-83.5457406392854,33.2884485838168
"785",-121.608099816013,37.528717820218
"786",-110.854602851232,32.5119226532539
"787",-87.3169639153056,42.486787208383
"788",-95.13852865123,38.7906316871255
"789",-83.5056597422087,42.4556181225846
"790",-83.9997711417324,37.104190000469
"791",-86.4409225148627,31.3123206550343
"792",-85.4846352156244,33.8564190601574
"793",-81.1856842084088,26.5744068479037
"794",-82.2507129371928,26.3770450022401
"795",-83.0591053468174,26.2697365087898
"796",-81.63145648266,25.9516561363601
"797",-118.235617081883,33.6598019901815
"798",-84.3765735967077,32.8885186674608
"799",-86.2005865835527,34.3969721851387
"800",-82.5947221410903,34.8887617704686
"801",-83.1349451369938,36.5293559202774
"802",-77.7481630978201,39.1292414336762
"803",-84.3515120073894,32.7417120771894
"804",-97.2738138974352,32.7449195943946
"805",-95.6409846317509,29.8501318393884
"806",-96.2846144633377,32.7291345570854
"807",-96.7348892972756,32.5767881435513
"808",-87.532924751542,39.5106029431761
"809",-77.9213253775586,34.8491341209381
"810",-116.699750970533,44.7218607087616
"811",-96.6956773168002,32.0888323417485
"812",-80.3398659715097,35.2198381967325
"813",-79.4837612150528,36.1099068970151
"814",-82.0781827480326,43.2319600552958
"815",-117.321145031798,33.9853841922362
"816",-117.862403659605,33.8744478170623
"817",-90.090747413583,37.3775882162428
"818",-123.484701527667,47.3334797897985
"819",-98.0989171210588,31.2624649645412
"820",-74.5790632474045,36.8442242366338
"821",-79.9418877923063,26.7982586456469
"822",-106.21236944838,39.0721379192365
"823",-89.4334857081275,42.2107807799606
"824",-86.8255788684249,36.3906493658493
"825",-79.2358119271819,35.9324985270084
"826",-117.97105342567,33.2227283392252
"827",-118.39549801237,33.9803007584988
"828",-119.798883489464,38.3145508367196
"829",-119.438599315821,33.3553899253096
"830",-102.960105707564,39.9759563609124
"831",-74.2679499523482,40.3413825448611
"832",-81.1452826093798,28.9221753035231
"833",-121.487439191784,46.6037015608811
"834",-122.729956858726,47.7082137899554
"835",-90.6946486832163,41.1723603550687
"836",-90.0443841844425,41.9374592826511
"837",-117.368837023802,33.8976365070314
"838",-81.9720751036297,28.7822681870442
"839",-106.218795257574,36.1582083533227
"840",-111.81611184447,33.4467889307483
"841",-121.522806282377,47.8601813596846
"842",-123.023018150029,47.5511919753705
"843",-122.754241506622,47.5752058689104
"844",-123.202379497461,45.8503363458996
"845",-122.337268076945,46.9408330260731
"846",-123.120615018318,46.1829976267863
"847",-121.413051082886,47.5627624407483
"848",-123.422098390759,48.0043873891926
"849",-121.596722483979,47.6755191792257
"850",-121.475026531213,48.3658020527389
"851",-123.193159997639,47.4559758576084
"852",-86.9756894331137,37.5692305981554
"853",-116.867479834811,34.208088089797
"854",-99.692897309694,34.4329872614236
"855",-103.471082958109,39.4991211177599
"856",-85.1616831751467,33.6742628544861
"857",-84.879944941121,35.4516309602641
"858",-81.7448062941522,30.0870048835267
"859",-122.058512775243,48.2022705091501
"860",-117.59763091602,34.5770755242382
"861",-95.6574000861977,30.4740152716932
"862",-94.9891417798102,31.7364424576965
"863",-118.535170065706,34.5513767444514
"864",-72.9756610655204,40.4366883878002
"865",-80.6229671339774,29.6192593460916
"866",-82.6223603871443,28.596731853113
"867",-82.6727233451861,27.2633196491242
"868",-82.3846861821693,27.8324956641352
"869",-90.0139657411992,40.473597066582
"870",-95.1713199335003,29.8873202206464
"871",-77.9931016101212,37.0691787501233
"872",-84.1643157758399,31.66198362997
"873",-85.7727697954987,32.169392004692
"874",-83.3949698339544,30.9802884774975
"875",-93.3661691884804,45.6818335166943
"876",-88.3035959711048,41.5799034298583
"877",-79.2212298516878,26.611850186426
"878",-117.570343980676,34.3527071244153
"879",-78.5235476218488,34.6013889132982
"880",-76.7508955488354,43.6190983905431
"881",-75.7943536985019,42.3235149931975
"882",-77.5104228337794,44.1149624587675
"883",-76.0079651483526,44.5376512579963
"884",-75.3549667051202,45.8337012428511
"885",-74.863898047898,41.9850666808214
"886",-73.252698442494,45.6419460387556
"887",-74.1731248908805,43.8094753076914
"888",-76.3510423372495,43.1456369190702
"889",-79.3274102724733,27.141058492355
"890",-114.566058085403,36.8575558105274
"891",-106.312830566532,31.4521229013113
"892",-106.500058935148,32.4206381574429
"893",-114.9660271557,35.306443553882
"894",-93.1461504881777,44.8358480458667
"895",-92.982320195747,45.2507470700927
"896",-80.1232845885067,26.6848743909052
"897",-84.8112781808257,36.1072483900865
"898",-84.5117878094577,33.8156942095843
"899",-98.2519727636304,33.0386952700562
"900",-111.630802195241,32.9478146362204
"901",-122.514842634275,44.3633280514839
"902",-98.0673269346575,26.7442715833625
"903",-84.4716425361691,33.498960741173
"904",-94.3075339947331,30.9248802487602
"905",-85.6187635260547,34.1197404799136
"906",-92.6231071077401,34.7604740931204
"907",-116.297411359424,36.4351825950276
"908",-79.1799316646596,38.1847362139419
"909",-97.4449289066633,33.3754868843953
"910",-90.6946920187208,34.8275282188683
"911",-86.4245124010791,34.0986571055092
"912",-112.022862639,34.1473485035875
"913",-122.945487349034,45.0132561340202
"914",-95.3221206634862,30.7310539256167
"915",-74.4510076003993,40.2517536180956
"916",-77.9664717514187,33.7518395559923
"917",-96.0021501874057,29.2856997390461
"918",-78.8518131982367,35.4604516655268
"919",-88.2372045563444,42.7244273483185
"920",-82.8175967499427,27.3006188477816
"921",-85.3897843099397,35.0219882494051
"922",-75.3183436993415,40.411575318731
"923",-96.2652876282369,28.1576458071774
"924",-86.5771392080697,35.9061504348445
"925",-88.4552120337501,37.0078933532611
"926",-88.5619792988155,37.0403667326486
"927",-73.5931186593038,41.1055579230289
"928",-95.6955193149475,28.8955745161913
"929",-83.3921749050365,34.3523380787411
"930",-84.5550215255008,34.1246375941331
"931",-123.3789433008,49.8293334359657
"932",-87.6241135153581,42.828491477306
"933",-115.776837745412,35.0913714333991
"934",-80.6005083396882,36.3601163239062
"935",-85.4244696415993,32.7188563151866
"936",-79.8442100197326,25.5090581380271
"937",-84.2518131498682,28.7039699311231
"938",-81.8891049400911,29.4894825280835
"939",-87.5181445531099,42.9937430529836
"940",-119.619387457261,46.0291309453604
"941",-74.1125940069672,41.3694647885924
"942",-84.2484451416038,39.9579470507674
"943",-95.4984514430067,32.5438038780974
"944",-94.4750895519363,31.7885342199498
"945",-74.7349842234792,39.9237418395242
"946",-72.3352405300619,41.1285316198292
"947",-81.3097185544482,27.9862266142147
"948",-75.1044306915375,43.59062660761
"949",-95.5686766162426,36.7032517324498
"950",-83.9059952479721,42.9576578143668
"951",-82.2413397943369,40.1849372530889
"952",-82.2318044775781,28.9637850365789
"953",-86.45035767825,33.1367530450305
"954",-105.095752532736,39.2617024611955
"955",-85.2329362557373,35.494687291346
"956",-122.755587993686,47.0424637354768
"957",-84.74378718901,32.8335232799691
"958",-80.2531223535538,34.4266851678522
"959",-83.760057331291,30.7738474430103
"960",-81.121077650625,26.3474513272855
"961",-82.1663858296577,25.5288936050858
"962",-82.8578753630356,26.2368523202268
"963",-82.0764322057372,27.1209875163558
"964",-80.5706693814177,26.6233805805549
"965",-80.7617450550905,27.6937341396503
"966",-74.138077569779,40.4492295496764
"967",-82.9883831868428,25.5850753673244
"968",-81.3878791509102,28.1877909430231
"969",-80.1386699639179,29.2349793568786
"970",-87.7063295408007,41.5332654360392
"971",-88.5713676075211,41.4911508153207
"972",-81.6605672227558,28.3407108436849
"973",-88.3512969883774,28.9388594120587
"974",-86.9531642023361,29.7845488482936
"975",-87.370853447571,33.4050214643259
"976",-86.5586470775771,34.9210012319263
"977",-80.7667819535421,34.885955125842
"978",-117.616460263659,48.375610452838
"979",-115.35989673803,44.2711835558559
"980",-115.258825193586,44.5564526957462
"981",-122.971925802157,44.5359101474059
"982",-80.4507972443041,24.5074706449911
"983",-106.546077739856,31.8495154781899
"984",-88.9472707982426,38.4646320461523
"985",-87.1602359616418,31.2330822858418
"986",-80.1844889764581,26.4072011809028
"987",-81.5062373249961,25.5280750410363
"988",-79.5062501923835,25.7596026076941
"989",-80.3743553543519,25.350878723513
"990",-79.8284294407015,25.464557978118
"991",-81.0429846250972,26.2676890089217
"992",-78.7433989142946,25.020309913124
"993",-81.0365765755594,26.694132427275
"994",-96.521711685733,29.5803703970604
"995",-117.57422812577,34.0735687043986
"996",-89.1784697060574,41.9725585617681
"997",-83.0888019494058,41.9213899762436
"998",-85.12057291455,32.4364383344176
"999",-87.606357377095,43.0671894096215
"1000",-117.075917100412,43.4872842208026
"1001",-115.965343005468,48.0732367130666
"1002",-80.4933068456625,25.4584125538405
"1003",-79.9249423858027,26.3072279957026
"1004",-82.0397907203367,27.2703465228601
"1005",-121.799906938619,47.5941095477677
"1006",-83.5045524732173,37.613298438401
"1007",-84.303205188592,36.6508743842321
"1008",-90.4269255077213,39.1258762924284
"1009",-77.3278285418594,33.5208026022796
"1010",-87.8028490059889,41.6517639483901
"1011",-79.9570353014067,24.5445523296316
"1012",-80.6152368724538,26.5447779090354
"1013",-79.8338516030715,25.6792921094694
"1014",-88.2244016459519,43.1296559829384
"1015",-86.0211989161769,34.5568912864833
"1016",-85.633774913552,38.6243640595311
"1017",-87.3937467196528,30.2455310344826
"1018",-104.923983760613,39.4111464220734
"1019",-115.684689533534,35.4335476943113
"1020",-106.335659703955,39.1736987377012
"1021",-86.2415113918633,40.0353119004546
"1022",-117.910615077167,49.8188155735769
"1023",-118.511456376465,46.8822416496036
"1024",-118.290839309201,48.6505053030808
"1025",-89.073407436252,34.753504031195
"1026",-78.0072391776148,33.8240205182832
"1027",-79.5397083861494,25.6448617898837
"1028",-80.3432184948801,26.3828450071318
"1029",-81.0400587407727,25.3851944397205
"1030",-79.1142398733596,25.5813831471779
"1031",-79.3565354931034,24.8855232819457
"1032",-80.1673925034551,24.6525743326599
"1033",-81.1191761234575,26.8840703023443
"1034",-79.0982754402804,25.3704776623282
"1035",-122.924009113388,47.077584314399
"1036",-96.7735033462352,32.535837220393
"1037",-115.401495487727,36.6727229903748
"1038",-81.306299414049,27.9743748699783
"1039",-83.5721663224735,29.1617955851603
"1040",-83.5965615452484,28.9869022993337
"1041",-81.702868783081,27.3965796807727
"1042",-89.6038736894022,37.5772306225402
"1043",-78.4817580906859,35.3777244396439
"1044",-76.4990419123067,34.624188087617
"1045",-77.9190405366715,35.6978278212547
"1046",-78.9526084038128,34.5254231276378
"1047",-74.7435429697338,39.4209195508865
"1048",-79.9830926876946,25.5966182630884
"1049",-80.6591487043835,26.69391627957
"1050",-81.2188793781554,27.0072692245201
"1051",-79.4704146963169,25.4146048087494
"1052",-79.8594667533581,26.3151589174107
"1053",-81.4166191906681,25.1084335320539
"1054",-81.1340722689716,25.5533478593275
"1055",-79.3028324634949,25.9480103926668
"1056",-80.7385243369587,26.6339804060292
"1057",-81.2906166349477,25.443139986617
"1058",-80.3568946988722,26.0562103202412
"1059",-80.1772546535237,25.3438869324387
"1060",-81.2532213599675,26.1450380809243
"1061",-103.951196130916,38.7577042631823
"1062",-122.967844391264,46.7061923184212
"1063",-82.8345298082393,37.1073833779818
"1064",-89.2547017397552,38.9350977730082
"1065",-77.9597287264671,38.2192212886779
"1066",-118.377538074125,36.2209647455169
"1067",-157.911062407018,20.6804286557282
"1068",-78.7785698716355,43.4061437827587
"1069",-106.041815488627,36.1296013658817
"1070",-89.2700457258582,34.0116592099393
"1071",-121.269962050992,47.2729290036306
"1072",-94.0367563487521,37.9270391731321
"1073",-77.8897232079953,42.7850457584736
"1074",-93.0084490695691,35.4810442995357
"1075",-94.657282854182,36.578673452054
"1076",-81.867655311351,27.9399010531253
"1077",-83.4029454729839,27.2869937087264
"1078",-79.075734004385,25.8677371912624
"1079",-80.3568421100391,25.7401709425985
"1080",-79.7760904285232,26.1153330350281
"1081",-82.4669430152664,28.1141512339914
"1082",-87.926233576309,42.5049415122213
"1083",-86.901718084884,34.8248657645694
"1084",-70.5467082025283,42.6903114014712
"1085",-112.020010519402,33.1722870677018
"1086",-111.089168215988,33.9027894655182
"1087",-84.4181429364152,34.2239763739688
"1088",-83.744501050175,33.9189816827952
"1089",-89.687461027834,38.5047696610755
"1090",-77.2599405029862,34.0796092730525
"1091",-78.5367334472295,35.9954729948691
"1092",-79.5864615780041,25.8292564741672
"1093",-80.4602481011907,25.0148611534637
"1094",-80.5607100351245,25.3934868568895
"1095",-80.5841332708674,26.1209927499617
"1096",-79.3089807128504,26.8787074191737
"1097",-79.4954047342236,25.963200369128
"1098",-91.2719335861897,34.3379741019979
"1099",-115.786825276204,37.3481613116475
"1100",-75.0395093567167,39.7171125511814
"1101",-74.0397990010958,39.4522228624421
"1102",-73.3438536155299,39.951582600982
"1103",-77.2378996637499,37.0876445822602
"1104",-83.3298711535887,28.4513053313396
"1105",-77.7486672976541,37.6215557880277
"1106",-75.1225120633593,39.4749640269263
"1107",-78.1846926582331,43.3566973554557
"1108",-116.203309235314,36.7383840218257
"1109",-109.678567423087,31.7215948481323
"1110",-74.0507425186122,39.6886817386937
"1111",-84.1827048353429,31.6756909309167
"1112",-72.5109986358945,43.6295400043435
"1113",-87.2587418800858,41.2665866805454
"1114",-96.6706000972544,31.7495345920911
"1115",-85.3407049238987,41.7716548175593
"1116",-80.1611522616098,25.8610343451362
"1117",-81.7808643135188,26.209827998111
"1118",-84.6618693393337,33.5070385729334
"1119",-85.2644018602785,36.5470906163749
"1120",-77.8770147008057,44.1251519544675
"1121",-159.027340189135,21.6278094388117
"1122",-80.3153960904445,39.0123108150325
"1123",-82.4882297364941,27.2924497476725
"1124",-117.585485584797,43.3396927884555
"1125",-77.4081121767927,37.6233431679271
"1126",-86.7477934065105,36.8332441493598
"1127",-86.2712501476373,35.5644855399391
"1128",-122.337329132142,47.7705319158729
"1129",-122.90433576832,45.9159502527207
"1130",-75.3289100299801,38.5817907658884
"1131",-80.7714179821498,25.3966880303227
"1132",-83.9199389322466,33.310050807487
"1133",-86.995232276043,34.1755860280934
"1134",-86.8234050587968,35.9542136697211
"1135",-74.52161833666,41.9199145973889
"1136",-82.0876338182515,34.9217424618903
"1137",-79.3578662689978,26.2666713967635
"1138",-82.1926239301289,27.4313713319956
"1139",-82.1753272692564,26.7166006127788
"1140",-83.4935982180977,43.5106585744835
"1141",-73.4782136295768,40.2335170912121
"1142",-115.276998638679,35.6580480279486
"1143",-81.8070738894093,29.628127323479
"1144",-81.2304769449882,28.7908982264405
"1145",-87.5216033839044,42.1755405759014
"1146",-73.6142326522979,41.4399723382149
"1147",-94.6133532642787,35.2450603389035
"1148",-94.322365662996,37.203819012102
"1149",-113.337652748494,33.4249735713052
"1150",-78.0555733558058,42.6744785535017
"1151",-113.876666605025,35.9196938803477
"1152",-94.970270841678,40.0216058832931
"1153",-112.303486330986,34.5328192909454
"1154",-110.982656126609,33.6977050079255
"1155",-111.589413700841,33.3352871011157
"1156",-112.363732464437,32.8306337619753
"1157",-111.722339467471,33.3892105049891
"1158",-117.536371887325,47.9886973811253
"1159",-116.660341481499,46.6985687570677
